{"cameraMode":{"drawMode":0,"name":"Shaded","section":"Shading Mode"},"sceneLighting":false,"audioPlay":false,"sceneViewState":{"showFog":true,"showMaterialUpdate":false,"showSkybox":false,"showFlares":true,"showImageEffects":true,"showParticleSystems":true},"in2DMode":false,"pivot":{"x":0.0,"y":0.24716997146606446,"z":-0.035631418228149417},"rotation":{"x":-0.06476064026355744,"y":0.011073137633502484,"z":-0.0007194786448962987,"w":-0.997840166091919},"size":7.040897846221924,"orthographic":false}