{"cameraMode":{"drawMode":0,"name":"Shaded","section":"Shading Mode"},"sceneLighting":true,"audioPlay":false,"sceneViewState":{"showFog":true,"showMaterialUpdate":false,"showSkybox":true,"showFlares":true,"showImageEffects":true,"showParticleSystems":true},"in2DMode":false,"pivot":{"x":1.2804373502731324,"y":7.65919303894043,"z":4.42673397064209},"rotation":{"x":0.24988879263401032,"y":-0.04935738071799278,"z":0.012756502255797387,"w":0.9669457077980042},"size":18.229793548583986,"orthographic":false}